vcf	chrom	start	end	svtype	gt
Delly	chr8	2032488	114303631	TRA	1/1
Delly	chr8	6196817	102395373	TRA	0/1
Delly	chr8	6259202	99340877	TRA	0/1
Delly	chr8	10666678	148622093	TRA	0/1
Delly	chr8	11819611	89210365	TRA	0/1
Delly	chr8	14140135	148669943	TRA	1/1
Delly	chr8	14140214	148669903	TRA	0/1
Delly	chr8	17767721	80897215	TRA	0/1
Delly	chr8	18232634	86575523	TRA	0/1
Delly	chr8	18232705	86575602	TRA	0/1
Delly	chr8	19208401	124428325	TRA	0/1
Delly	chr8	20728382	177692376	TRA	0/1
Delly	chr8	22708628	208981702	TRA	0/1
Delly	chr8	23708539	205539995	TRA	0/1
Delly	chr8	25117483	113105042	TRA	0/1
Delly	chr8	26358132	224200243	TRA	0/1
Delly	chr8	26358151	224200557	TRA	0/1
Delly	chr8	30006884	112342307	TRA	0/1
Delly	chr8	30006888	189206046	TRA	0/1
Delly	chr8	30248374	168451690	TRA	0/1
Delly	chr8	30362938	174962210	TRA	0/1
Delly	chr8	30362940	138119797	TRA	0/1
Delly	chr8	32502457	149139724	TRA	0/1
Delly	chr8	37506294	73848668	TRA	0/1
Delly	chr8	48245064	71863499	TRA	0/1
Delly	chr8	48245208	71863504	TRA	0/1
Delly	chr8	51644365	150639753	TRA	0/1
Delly	chr8	56526763	160493980	TRA	0/1
Delly	chr8	56526768	160494011	TRA	0/1
Delly	chr8	57527383	137168171	TRA	0/1
Delly	chr8	58334609	81973046	TRA	0/1
Delly	chr8	62972871	144556587	TRA	0/1
Delly	chr8	64892285	168755404	TRA	0/1
Delly	chr8	69452032	34839340	TRA	0/0
