vcf	chrom	start	end	svtype	MAF
Delly	chr8	2032488	114303631	TRA	0.5625
Delly	chr8	6196817	102395373	TRA	0.4375
Delly	chr8	6259202	99340877	TRA	0.4375
Delly	chr8	8281436	129385140	TRA	0.0625
Delly	chr8	9566783	166711310	TRA	0.0625
Delly	chr8	10666678	148622093	TRA	0.4375
Delly	chr8	11345680	86495298	TRA	0.125
Delly	chr8	11819611	89210365	TRA	0.3125
Delly	chr8	14140135	148669943	TRA	0.625
Delly	chr8	14140214	148669903	TRA	0.4375
Delly	chr8	16706727	178030682	TRA	0.125
Delly	chr8	17767721	80897215	TRA	0.3125
Delly	chr8	18232634	86575523	TRA	0.4375
Delly	chr8	18232705	86575602	TRA	0.5
Delly	chr8	18615212	227721172	TRA	0.3125
Delly	chr8	19208401	124428325	TRA	0.375
Delly	chr8	20728382	177692376	TRA	0.4375
Delly	chr8	21750089	225611925	TRA	0.25
Delly	chr8	22708628	208981702	TRA	0.375
Delly	chr8	23708539	205539995	TRA	0.4375
Delly	chr8	25117483	113105042	TRA	0.4375
Delly	chr8	26358132	224200243	TRA	0.1875
Delly	chr8	26358151	224200557	TRA	0.1875
Delly	chr8	30006884	112342307	TRA	0.375
Delly	chr8	30006888	189206046	TRA	0.375
Delly	chr8	30063102	191829584	TRA	0.0625
Delly	chr8	30083064	191829594	TRA	0.0625
Delly	chr8	30248374	168451690	TRA	0.3125
Delly	chr8	30362938	174962210	TRA	0.4375
Delly	chr8	30362940	138119797	TRA	0.4375
Delly	chr8	32502457	149139724	TRA	0.4375
Delly	chr8	33500984	154916544	TRA	0.125
Delly	chr8	37506294	73848668	TRA	0.625
Delly	chr8	38074971	81371161	TRA	0.0625
Delly	chr8	38792409	78143098	TRA	0.375
Delly	chr8	47252326	176223143	TRA	0.25
Delly	chr8	48245064	71863499	TRA	0.25
Delly	chr8	48245208	71863504	TRA	0.25
Delly	chr8	51644365	150639753	TRA	0.1875
Delly	chr8	56526763	160493980	TRA	0.375
Delly	chr8	56526768	160494011	TRA	0.375
Delly	chr8	57527383	137168171	TRA	0.4375
Delly	chr8	58006767	167876118	TRA	0.0625
Delly	chr8	58334609	81973046	TRA	0.3125
Delly	chr8	60457449	89187100	TRA	0.0625
Delly	chr8	60457600	89187000	TRA	0.0625
Delly	chr8	61059504	141438645	TRA	0.25
Delly	chr8	62972871	144556587	TRA	0.375
Delly	chr8	63323120	149693554	TRA	0.1875
Delly	chr8	63665368	147395240	TRA	0.0625
Delly	chr8	64892285	168755404	TRA	0.375
Delly	chr8	64920013	160100719	TRA	0.0625
Delly	chr8	65501351	85007912	TRA	0.4375
